id,title,type,district_n
11868,Baghauda PHC,Primary Health Care Center,Chitwan
11869,Chitwan OM Hospital Pvt Ltd,Hospital,Chitwan
11870,"Bharatpur Hospital, Chitwan",Hospital,Chitwan
11871,National City Hospital Pvt Ltd,Hospital,Chitwan
11872,BP Koirala Cancer Hospital,Hospital,Chitwan
11873,Maulakalika Hospital,Hospital,Chitwan
11874,Aasha Hospital Pvt Ltd,Hospital,Chitwan
11875,Santi Hospital Pvt Ltd,Hospital,Chitwan
11876,Sunaulo Bhabishya Nepal,Other,Chitwan
11877,Puspanjali Hospital Pvt Ltd,Hospital,Chitwan
11878,"Merry Stopes Centre, Bharatpur",Other,Chitwan
11879,Jay Buddha Health Science Academy,Other,Chitwan
11880,Kalika Dental Hospital Pvt Ltd,Dental Clinic,Chitwan
11881,Bharatpur Community Hospital Pvt Ltd,Hospital,Chitwan
11882,Oasis Medical College Teaching Hospital & Research Center,Medical College,Chitwan
11883,International Society for Medical Association Pvt Ltd,Hospital,Chitwan
11884,Balkumari Medical College,Medical College,Chitwan
11885,Chitwan Medical College,Medical College,Chitwan
11886,King Mahendra Eye Hospital,Hospital,Chitwan
11887,"FPAN, Bharatpur",Other,Chitwan
11888,Narayani Community Hospital  & Research Centre,Hospital,Chitwan
11889,Alive Hospital & Truma Center Pvt Ltd,Hospital,Chitwan
11890,Chitwan Hospital Pvt Ltd,Hospital,Chitwan
11891,Saptagandaki Hospital Pvt Ltd,Hospital,Chitwan
11892,Mankamana Hospital Pvt Ltd,Hospital,Chitwan
11893,National Anti Tuberclosis Association,Other,Chitwan
11894,Adarsha Nari Clinic and Health Counseling Centre,Other,Chitwan
11902,Shivanagar PHC,Primary Health Care Center,Chitwan
14926,Ayodhyapuri SHP,Health Post,Chitwan
14929,Bharatpur HP,Health Post,Chitwan
14932,Chandibhanjyang HP,Health Post,Chitwan
14933,Pamdanda SHP,Health Post,Chitwan
14934,Dahakhani HP,Health Post,Chitwan
14935,Mankamana Community Polyclinic Pvt.ltd.,Clinic,Chitwan
14936,Darechok SHP,Health Post,Chitwan
14937,Dibyanagar SHP,Health Post,Chitwan
14938,Fulbari HP,Health Post,Chitwan
14939,Gardi SHP,Health Post,Chitwan
14940,Gitanagar HP,Health Post,Chitwan
14941,People Polyclinic & Diagnostic Center Pvt. Ltd.,Diagnostic Center,Chitwan
14942,Gunjanagar HP,Health Post,Chitwan
14943,Jagatpur HP,Health Post,Chitwan
14945,Kabilas HP,Health Post,Chitwan
14947,Kaule SHP,Health Post,Chitwan
14952,Madikalyanpur SHP,Health Post,Chitwan
14953,Mangalpur SHP,Health Post,Chitwan
14954,Meghauli HP,Health Post,Chitwan
14955,Parbatipur SHP,Health Post,Chitwan
14956,Patihani SHP,Health Post,Chitwan
14960,Saradanagar HP,Health Post,Chitwan
14963,Sukranagar SHP,Health Post,Chitwan
16100,oasis medical college,Hospital,Chitwan
16110,kantipur dental,Dental Clinic,Chitwan
16111,sagan pharmacy,Pharmacy,Chitwan
16112,Narmada ayurved,Pharmacy,Chitwan
16113,Narayangard Pharma,Pharmacy,Chitwan
16114,hemal dental,Dental Clinic,Chitwan
16115,Bharatpur Samaudayek Hospital,Hospital,Chitwan
16116,su sustha chitwan,Dental Clinic,Chitwan
16117,lali guras,Dental Clinic,Chitwan
16122,Sabita Medical Hall,Pharmacy,Chitwan
16123,Sukriti Ayurved Ausadhalaya,Pharmacy,Chitwan
16194,none,Clinic,Chitwan
16195,Ganga aushadhalaya,Clinic,Chitwan
16197,Nirnayak diagnostics lab,Diagnostic Center,Chitwan
16276,Kaule Dispensary,Hospital,Chitwan
16377,Suprim Medical Hall,Pharmacy,Chitwan
16669,Mary Stopes,Hospital,Chitwan
16670,Nepal Red Cross Society,Hospital,Chitwan
16671,Bharatpur Family Planning Hospital,Hospital,Chitwan
16672,District Veterinary Hospital,Veterinary,Chitwan
16681,Mahendra Memorial Eye Hospital,Hospital,Chitwan
16682,College Of Medical Sciences Teaching Hospital,Hospital,Chitwan
16687,sancho,Pharmacy,Chitwan
16700,Bharatpur District Hospital,Hospital,Chitwan
16710,Chitwan Medical College Teaching Hospital,Hospital,Chitwan
16735,Balkumari Maternity Hospital,Hospital,Chitwan
16756,Narayani Samydayik Hospital,Hospital,Chitwan
16881,Himal Dental Hostipal,Dental Clinic,Chitwan
16882,Himal Dental Hostipal,Dental Clinic,Chitwan
16883,Laliguras Dental Care Centre,Dental Clinic,Chitwan
16884,Kamal Medical Hall,Pharmacy,Chitwan
16910,school of science,Hospital,Chitwan
16929,Pharmacy,Pharmacy,Chitwan
16930,Chitwan Hospital,Hospital,Chitwan
17063,purna ganesh,Dental Clinic,Chitwan
17085,kalika dental,Dental Clinic,Chitwan
17086,Alive Hospital,Hospital,Chitwan
17087,Puspanjali Hospital,Hospital,Chitwan
17088,life care hospital,Hospital,Chitwan
17089,Chitwan Ankha Hospital,Hospital,Chitwan
17090,bharatpur samudaik hospital,Hospital,Chitwan
17091,niko childrens hospital,Hospital,Chitwan
17092,Jay Buddha Hospital,Hospital,Chitwan
17093,regmi vetnery,Veterinary,Chitwan
17095,jasmin children home,nursing_home,Chitwan
17096,M.K.R. pharmacy,Pharmacy,Chitwan
17097,Advance Community Hospital,Hospital,Chitwan
17098,asha hospital,Hospital,Chitwan
17099,Asha Hospital pvt.ltd,Hospital,Chitwan
17100,Maulakalika Hospital,Hospital,Chitwan
17101,Life Pharmacy,Pharmacy,Chitwan
17105,abaya upchar kendra,Hospital,Chitwan
17106,padam,Dental Clinic,Chitwan
17107,rupali homeo rohit ayurvedic,Ayurvedic,Chitwan
17108,avaya upchar kendra,Hospital,Chitwan
17109,Shanti Hospital,Hospital,Chitwan
17110,Om Hospital,Hospital,Chitwan
17111,global medical,Pharmacy,Chitwan
17112,National Eye Hospital,Hospital,Chitwan
17113,su sampada pharmacy,Clinic,Chitwan
17114,Chitwan Valley Model Hospital,Hospital,Chitwan
17115,Mankamana Hospital,Hospital,Chitwan
17116,Anamol Arayog Kandra,Hospital,Chitwan
17506,Subidha Pharmacy,Pharmacy,Chitwan
17605,Sathi Pharmacy,Pharmacy,Chitwan
17608,Basnet Medical Hall,Pharmacy,Chitwan
18117,Dawadi Clinic,Clinic,Chitwan
18120,Anjan Veterinary,Veterinary,Chitwan
49023,District Ayurved Health Centre,,35
49024,Pithuwa Health Post,Health Post,Chitwan
49025,Dobato Health Clinic,,35
49026,"Basic Health Service Center, Ra.Na.Pa. 10",Primary Health Care Center,Chitwan
49027,"Basic Health Service Center, Ra.Na.Pa. 15",Primary Health Care Center,Chitwan
49028,Gunjaman Singh Hospital,,35
49029,Dumrichowk Nagar Swastha Kendra,,35
49030,"Pashu Sewa Kendra, Ra.Na.Pa. 10",,Chitwan
49031,Panchakanya Health Post,Health Post,Chitwan
49032,Jirauna Nagar Swastha Kendra,,35
49033,Jamunapur Health Clinic,,35
49034,"Basic Health Service Center, Ra.Na.Pa. 12",Primary Health Care Center,Chitwan
49035,Tarauli Nagar Swastha Kendra,,35
49036,Bachhyauli Health Post,Health Post,Chitwan
49037,Community Help Center Nepal,,35
49038,Sauraha Eye Care Center,,35
49039,Madhyawati Chhetra Pasu Sewa Upovokta Samiti,,35
49040,"Basic Health Service Center, Ra.Na.Pa. 7",Primary Health Care Center,Chitwan
49041,"Nagar Swasthya Kendra, Narkatiya",,
49042,"Basic Health Service Center, Ra.Na.Pa. 9",Primary Health Care Center,Chitwan
49043,"Basic Health Service Center, Ra.Na.Pa. 3",Primary Health Care Center,Chitwan
49044,"Basic Health Service Center, Ra.Na.Pa. 4",Primary Health Care Center,Chitwan
49045,Bakulahar Ratnanagar Hospital,,35
49754,Basic Health Care Center -1,,35
49755,Chainpur Health Post,,35
49756,Basic Health Care Center-3,,35
49757,Basic Health Care Center-4,,35
49758,Basic Health Care Center-5,,35
49759,Khairahani Nagar Hospital,,35
49760,Basic Health Care Center-7,,35
49761,Basic Health Care Center-8,,35
49762,Basic Health Care Center-9,,35
49763,Khathar Health Post,,35
49764,Basic Health Care Center-11,Basic Health Care Center,Chitwan
49765,Kumroj Health Post,,35
49766,Basic Health Care Center-13,Basic Health Care Center,Chitwan
49801,"Adharbhut Swasthya Sewa Kendra, Kalika-5",,
49802,Om Pharma Medical,Clinic (Eye/Medical),Chitwan
49803,Janastar Clinic,,35
49804,Kalika Nagar Hospital,,35
49805,Adarbhut Swasthya Sewa Kendra,,
49806,Adarbhut Swasthya Sewa Kendra,,
49807,"Adarbhut Swasthya Sewa Kendra, Kalika-2",,
49808,Yogdan Health Clinic Pvt. Ltd.,Clinic (Eye/Medical),Chitwan
49809,Prakash Clinic,,35
49810,Shrestha Health Clinic,,35
49811,KTM Polyclinic,,35
49812,Dev Swasthya Clinic,,35
49813,Om Sai Clinic,,35
49814,Jutpani Medical Hall,Clinic (Eye/Medical),Chitwan
49815,"Adarbhut Swasthya Sewa Kendra, Kalika-7",,
49816,Padampur Swasthya Chauki,,
49817,Khulal Medical,Clinic (Eye/Medical),Chitwan
49818,"Adharbhut Swasthya Sewa Kendra, Kalika-8",,
49819,Sancho Health Clinic,,35
49820,Shaktikhor Swasthya Chauki,,
49821,Dipendra Medical,Poly Clinic,Chitwan
49822,Padampur Health Clinic,,35
49823,Siddhi Swasthya Chauki,Health Post,Chitwan
50030,Dr. Bikram Clinic,,35
50031,Aadharbhut Swastha Sewa Kendra,,35
50032,Maskey Central Hospital Pvt. Ltd.,Poly Clinic,Chitwan
50033,Piple Swastha Chauki,Basic Hospital,Chitwan
50034,"Adharbhut Swastha Sewa Kendra, Pratappur",,
50035,Daduwa Medicall Hall,Primary Hospital,Chitwan
50036,Adharbhut Swastha Sewa Kendra Ward-4,Basic Hospital,Chitwan
50037,Rapti Chaudhary Polyclinic Bhandara Pvt. Ltd.,Poly Clinic,Chitwan
50038,Bhandara Hospital,,35
50039,Naba Deep Polyclinic Pvt. Ltd.,Poly Clinic,Chitwan
50040,Adharbhut Swastya Sewa Kendra,,35
50041,Birendranagar Ayurved,Ayurveda Hospital,Chitwan
50042,Yugal Ayurveda Medicine Center,Ayurveda Hospital,Chitwan
50043,Allfit Polyclinic Pvt. Ltd.,,Chitwan
50044,Khop Tatha Gaunghar Clinic,,35
50045,Adharbhut Swastha Sewa kendra,Basic Hospital,Chitwan
50046,Adharbhut Swastha Sewa Kendra Ward 08,,Chitwan
50047,Maulakalika Polyclinic and Research Center Pvt. Ltd.,Poly Clinic,Chitwan
50048,Kharahe Samudayak Swastha Kendra,,35
50049,Lothar Swastha Chauki,Health Post,Chitwan
58744,Basis Health Service Centre Sitalpur _Chitwan,Basic Health Service Centre,Chitwan
58856,Chitwan Model Hospital,General Hospital,Chitwan
58862,Jaldevi Urban Health Center_Chitwan,Urban Health Center,Chitwan
62011,"Padampur Health Post Kalika - 4,Chitwan",??????????????????????????????? ???????????,35
62013,"Siddhi Health Post, Kalika - 10,Chitwan",??????????????????????????????? ???????????,35
62014,"Basic Health Service Centre Kalika -1, Chitwan",??????????????????????????????? ???????????,35
62173,Mathura Nagar Health Center,Health Clinic,Chitwan
62343,"Basic Health Service Centre,Kalika- 5, Chitwan",??????????????????????????????? ???????????,35
62363,Khadananda Dawadi Basic Health Center,Basic Health Service Centre,Chitwan
62364,Jaldevi  Basic Health  Center,Basic Health Service Centre,Chitwan
62365,Aaptari Basic Health Center,Basic Health Service Centre,Chitwan
62366,Bhimlal Basic Health  Center,Basic Health Service Centre,Chitwan
62367,Thimura Basic Health  Center,Basic Health Service Centre,Chitwan
62368,Gunjanagar Aayurved Dispensary,Basic Ayurveda Service Centre,Chitwan
62369,Patihani Aayurved Dispensary,Basic Ayurveda Service Centre,Chitwan
62370,Devghat Aayurved Dispensary,Basic Ayurveda Service Centre,Chitwan
62371,Shivaghat Aayurved Dispensary,Basic Ayurveda Service Centre,Chitwan
62372,Bharatpur Health Post,Basic Health Service Centre,Chitwan
62373,Fulbari Health Post,Basic Health Service Centre,Chitwan
62374,Shahid Ganesh Gitanagar Health Post,Basic Health Service Centre,Chitwan
62375,Gunjanagar Health Post,Basic Health Service Centre,Chitwan
62376,Jagatpur Health Post,Basic Health Service Centre,Chitwan
62377,Mangalpur Health Post,Basic Health Service Centre,Chitwan
62378,Parbatipur Health Post,Basic Health Service Centre,Chitwan
62379,Patihani Health Post,Basic Health Service Centre,Chitwan
62380,Sharadanagar Health Post,Basic Health Service Centre,Chitwan
62381,Shivanagar Primary Health Center,Basic Health Service Centre,Chitwan
62382,Rammandir Basic Health Center,Basic Health Service Centre,Chitwan
62383,"Shashinagar Basis Health Centre,",Basic Health Service Centre,Chitwan
62384,Torikhet  Urban Health Centre,Basic Health Service Centre,Chitwan
62385,Sharadpur Basic Health Center,Basic Health Service Centre,Chitwan
62386,Nagarban Basic Health Center,Basic Ayurveda Service Centre,Chitwan
62387,Krishnapur Basic Health Center,Basic Health Service Centre,Chitwan
62388,Munal Basic Health Center,Basic Health Service Centre,Chitwan
62389,Suryanagar Urban Health Center,Basic Health Service Centre,Chitwan
62390,Bhimnagar Basic Health Center,Basic Health Service Centre,Chitwan
62392,Meghauli Aayurved Dispensary,Basic Ayurveda Service Centre,Chitwan
62393,Daletar Aayurved Dispensary,Basic Ayurveda Service Centre,Chitwan
62394,Chaukidanda Community Health Unit,Basic Health Service Centre,Chitwan
62395,Dibyanagar Health Post,Basic Health Service Centre,Chitwan
62396,Kabilas Health Post,Basic Health Service Centre,Chitwan
62397,Meghauli Health Post,Basic Health Service Centre,Chitwan
62398,Shukranagar Health Post,Basic Health Service Centre,Chitwan
62399,Kasara Urban Health Center,Basic Health Service Centre,Chitwan
62400,Dhurba Basic Health Center,Basic Health Service Centre,Chitwan
62401,Jitpur Basic Health Center,Basic Health Service Centre,Chitwan
64458,Chandibhanjyang Hp Chitawan,Health Post,Chitwan
64459,Dahakhani Hp_Chitawan,Basic Health Service Centre,Chitwan
64460,Ichchhakamana Basic Hospital,Basic Hospital (5 to 15 beds),Chitwan
64461,Kaule Hp Chitawan_Chitawan,Health Post,Chitwan
64462,Pamdanda Hp_Chitawan,Health Post,Chitwan
64463,Bharatpur Samudayik Hospital,General Hospital,Chitwan
64464,Aasha Hospital_Chitawan,General Hospital,Chitwan
64465,Madi Aayurved Dispensary,Basic Ayurveda Service Centre,Chitwan
64466,Baghauda Hosptial_Chitawan,General Hospital,Chitwan
64467,Gardi Hp_Chitawan,Basic Health Service Centre,Chitwan
64468,Kalyanpur Hp_Chitawan,Basic Health Service Centre,Chitwan
64469,"Basis Health Service Center Radhapur , Chitwan",Basic Health Service Centre,Chitwan
64470,"Basis Health Service Centresaulibas,Chitwan",Basic Health Service Centre,Chitwan
64471,"Basis Health Service Center Krishanagar, Chitwan",Basic Health Service Centre,Chitwan
65269,"Basic Health Service Center , Majhkaule Chitwan",Basic Health Service Centre,Chitwan
65270,"Community Health Unit Bharang ,Chitwan",Basic Health Service Centre,Chitwan
65271,Majhgawn  Basis Health Service Centre,Basic Health Service Centre,Chitwan
65272,"Syandi Basis Health Service,Chitwan",Basic Health Service Centre,Chitwan
66984,Adharbhut Ayurved Health Service,Basic Health Service Centre,Chitwan
66985,Nagarik Arogya Sewa Kendra Benighat,Basic Ayurveda Service Centre,Chitwan
67016,"Basic Health Unit,Kauchhini",Basic Health Service Centre,Chitwan
67042,Ichchhakamana Polyclinic Pvt Ltd,Homeopathy Hospital,Chitwan
67348,"Basic Health Service Centre-13,Kaalitar",Basic Health Service Centre,Chitwan
68323,Bp Koirala Memorial Cancer Hospital,Specialized Hospital,Chitwan
68360,Sanju Laboratory,Laboratory "E",Chitwan
68361,Nawajiwan Clicnic,Medical Centre,Chitwan
68362,Anmol Dental Clinic,Dental Clinic,Chitwan
68363,Anmol Dental,Dental Clinic,Chitwan
68364,Rara Swasthya Clicnic,Health Clinic,Chitwan
68365,Clinic Nepal,Health Clinic,Chitwan
68366,Rohit Pathology,Laboratory "E",Chitwan
68367,Rampur Health Care,Health Clinic,Chitwan
68368,Meghauli Geratric Pharma Clinic,Medical Centre,Chitwan
68369,Sidheswar Health Care Clinic,Health Clinic,Chitwan
68370,Sabitri Dental,Laboratory "D",Chitwan
68371,Bhuwanbasti Medical,Medical Centre,Chitwan
68372,Nilanju Dental Care,Dental Clinic,Chitwan
68373,Shova Clinic,Medical Centre,Chitwan
68374,Swastik Health Clinic,Medical Centre,Chitwan
68375,New Wey Foundation,Rehabilitation Centre (Physical),Chitwan
68376,Panchasil Health Care Clinic,Medical Centre,Chitwan
68377,Panchasil Health Care Clinic,Medical Centre,Chitwan
68378,Panchasil Health Care Clinic,Medical Centre,Chitwan
68379,Panchasil Health Care Clinic,Medical Centre,Chitwan
68380,Nidan Child Clicnic,Medical Centre,Chitwan
68381,Susan Clicnic,Medical Centre,Chitwan
68382,Apolo Dentel Clicnicx,Medical Centre,Chitwan
68383,Chitwan Model Dental,Medical Centre,Chitwan
68384,Nawal Smart Clinic,Medical Centre,Chitwan
68385,Nabal Dental Clinic,Dental Clinic,Chitwan
68386,Sri Dental Clinic,Dental Clinic,Chitwan
68387,Chitwan Skin Clinic,Medical Centre,Chitwan
68388,Pearl Dental,Dental Clinic,Chitwan
68389,Medant Dental Zone Clinic,Dental Clinic,Chitwan
68390,Rupaly Homoeo Clinic,Medical Centre,Chitwan
68392,Dhanwantary Clinic,Medical Centre,Chitwan
68394,Durga Ayurveda,Basic Ayurveda Service Centre,Chitwan
68395,Himalayan Ayurveda Clinic,Basic Ayurveda Service Centre,Chitwan
68396,Thapaliya Dental,Dental Clinic,Chitwan
68397,Sakar Policlinic,Poly Clinic,Chitwan
68398,Shree Padam Danta Karyalaya,Medical Centre,Chitwan
68399,Shree Dental,Dental Clinic,Chitwan
68400,Polycare Dental,Poly Clinic,Chitwan
68401,Polycare Dental,Dental Clinic,Chitwan
68402,Kantipur Dental,Dental Clinic,Chitwan
68403,Oramax Dental,Dental Clinic,Chitwan
68404,Laligurash Dental Care,Dental Clinic,Chitwan
68405,Chitwan Dental Home,Dental Clinic,Chitwan
68406,Chitwan Himal Dental,Dental Clinic,Chitwan
68407,Anmol Upachar Sewa Kendra,Basic Ayurveda Service Centre,Chitwan
68408,Rupaly Laboratory,Laboratory "D",Chitwan
68409,Chitwan City Dental Care,Dental Clinic,Chitwan
68426,Chitwan Pushpanjali Halth Care,Medical Centre,Chitwan
68427,Akhanda Smile Dental Clinic,Dental Clinic,Chitwan
68428,Sakxam Health Clinic,Medical Centre,Chitwan
68429,Shurakamana Dental Clinic,Dental Clinic,Chitwan
68434,Sagarmatha  Diagnostic Center,Diagnostic Center (Radiology/Laboratory/X-ray etc.),Chitwan
68435,Om Health Care Clinic,Medical Centre,Chitwan
68436,Nabadurga Clinic,Medical Centre,Chitwan
68437,Ganesh Clinic,Medical Centre,Chitwan
12120,Melchour Samudayik Health Center,Other,Dhading
13765,Aginchok SHP,Health Post,Dhading
13766,Baireni HP,Health Post,Dhading
13767,Baseri SHP,Health Post,Dhading
13770,Bhumesthan SHP,Health Post,Dhading
13771,Budhathum HP,Health Post,Dhading
13772,Salbas HP,Health Post,Dhading
13773,Chhatre Dyaurali SHP,Health Post,Dhading
13774,Darkha HP,Health Post,Dhading
13775,Dhola SHP,Health Post,Dhading
13779,Gajuri PHC,Primary Health Care Center,Dhading
13780,Gajuri Hospital,Hospital,Dhading
13781,Marie Stopes Service,Other,Dhading
13782,Goganpani SHP,Health Post,Dhading
13783,Thakre SHP,Health Post,Dhading
13784,Gumdi SHP,Health Post,Dhading
13785,Jeewanpur SHP,Health Post,Dhading
13786,Jharlang SHP,Health Post,Dhading
13789,Kalleri SHP,Health Post,Dhading
13790,Katunje HP,Health Post,Dhading
13791,Kewalpur SHP,Health Post,Dhading
13793,Khari SHP,Health Post,Dhading
13794,Kiranchok SHP,Health Post,Dhading
13795,Kumpur SHP,Health Post,Dhading
13796,Lapa SHP,Health Post,Dhading
13798,Maidi HP,Health Post,Dhading
13799,Marpak SHP,Health Post,Dhading
13800,Mulpani SHP,Health Post,Dhading
13802,Nalang SHP,Health Post,Dhading
13803,Shiddha Samaj Sewa Nepal,Other,Dhading
13804,Naubise HP,Health Post,Dhading
13808,Phulkhark HP,Health Post,Dhading
13809,Pida SHP,Health Post,Dhading
13810,Ree SHP,Health Post,Dhading
13811,Ganesh Himal Health Centre,Other,Dhading
13812,Salang HP,Health Post,Dhading
13813,Salyankot SHP,Health Post,Dhading
13814,Salyantar PHC,Primary Health Care Center,Dhading
13816,Bhogateni HP,Health Post,Dhading
13817,Semjong SHP,Health Post,Dhading
13818,Sertung HP,Health Post,Dhading
13819,Himalayan Health Care,Primary Health Care Center,Dhading
13821,Tasarpu SHP,Health Post,Dhading
13822,Mahadevbeshi HP,Health Post,Dhading
13823,Tipling SHP,Health Post,Dhading
13824,Tripureswor,Health Post,Dhading
14578,Rauwahi HP,Health Post,Dhading
16101,Gajuri Hospital,Hospital,Dhading
16138,Healthpost,Health Post,Dhading
16840,Mahadev Basi Helth post,Hospital,Dhading
17498,"Primary Health Center, Gajuri",Hospital,Dhading
35550,Dhuwakot Health Post,Health Post,Dhading
35551,Khalte Health Post,Health Post,Dhading
35552,Sunaulabazar Health Post,Health Post,Dhading
35553,Dhuwakot Health Post-2 (Ganedada),Health Post,Dhading
35554,Muralibhanjyang Health Post,Health Post,Dhading
35555,Jyamrung Health Post,Health Post,Dhading
35556,Sankosh Health Post,Health Post,Dhading
35557,Aahal Dada Urban Health Center  UHC,Primary Health Care Center,Dhading
35558,Bhorle Urban Health Clinic,Primary Health Care Center,Dhading
35559,Ratamate Community Health Unit CHU,Primary Health Care Center,Dhading
35560,Hanuman Dada Community Health Unit,Primary Health Care Center,Dhading
35561,Ward No.2 Basic Health Center,Primary Health Care Center,Dhading
35562,Ward No.4 Basic Health Center,Primary Health Care Center,Dhading
35563,Ward No.7 Basic Health Center,Primary Health Care Center,Dhading
35564,Ward No.8 Basic Health Center,Primary Health Care Center,Dhading
35565,Ward No.12 Basic Health Center,Primary Health Care Center,Dhading
35566,Maternal and Child Health Clinic,MCH Clinic,Dhading
35567,Sahid Memorial Hospital,Hospital,Dhading
35568,Dhading Hospital,Hospital,Dhading
52251,Parshant Pharmacy,Pharmacy,Dhading
52252,Jogimara Health Post,Community Health Unit,Dhading
52253,Bihani Clinic and Pharmacy Private Limited,,26
52254,Basic Health Care Center,,26
52255,Bhadrakali Kandel Eye Care Center,,26
52256,Aryana Pharma,,26
52257,Benighat Health Post,Health Post,Dhading
52258,Pashupati Medical Hall,Pharmacy,Dhading
52259,Highway Community Hospital,,26
52260,Highway Daigonosis Center,Pharmacy,Dhading
52261,Basic Health Care Center,,26
52262,Jaipuri Community Health Unit,Community Health Unit,Dhading
52263,Dhusa Health Post,Health Post,Dhading
52264,Syadul Community Health Unit,Community Health Unit,Dhading
52265,Irang Community Health Unit,Community Health Unit,Dhading
52266,Mahadevsthan Health Post,Health Post,Dhading
52267,Adharbhut Health Service  Center,,26
55258,Dadagau Community Health Unit,Basic Health Service Centre,Dhading
55259,Baseri Health Post,Basic Health Service Centre,Dhading
55260,Budathum Health Post,Basic Health Service Centre,Dhading
55261,Aginchok Hp,Basic Health Service Centre,Dhading
55262,Chainpur (Salbas) Hp Dhading,Basic Health Service Centre,Dhading
55263,Baireni Aayurved Dispensery,Basic Ayurveda Service Centre,Dhading
55264,Baireni Hospital,Basic Hospital (5 to 15 beds),Dhading
55265,Bhumesthan Health Post,Basic Health Service Centre,Dhading
62015,Goganpani Basic Health Service Center (Health Post),Basic Health Service Centre,Dhading
62016,Kalleri Basic Health Service Center (Health Post),Basic Health Service Centre,Dhading
62017,Dumrichaur Basic Health Service Center,Basic Health Service Centre,Dhading
62018,Aamdanda Basic Health Service Center,Basic Health Service Centre,Dhading
62019,Karkidanda Basic Health Service Center,Basic Health Service Centre,Dhading
62023,Birtadada  Basic Health Service Center,Basic Health Service Centre,Dhading
62024,Bhotepalang Basic Health Service Center,Basic Health Service Centre,Dhading
62100,Netrawati Dabjong Hospital,Basic Hospital (5 to 15 beds),Dhading
62127,Jeewanpur Hp_Dhading,Basic Health Service Centre,Dhading
62142,Kapurgaun Community Health Unit,Basic Health Service Centre,Dhading
62143,Lapa Health Post,Basic Health Service Centre,Dhading
62144,Rubi Valley Basic Hospital,Basic Hospital (5 to 15 beds),Dhading
62145,Tipling Health Post,Basic Health Service Centre,Dhading
62146,Lapsangkarpo Basic Health Service Center,Basic Health Service Centre,Dhading
62147,Borang Basic Health Service Center,Basic Health Service Centre,Dhading
62148,Khading Basic Health Center,Basic Health Service Centre,Dhading
62166,Ranipauwa Basic Health Centre,Basic Health Service Centre,Dhading
62167,Katheri  Basic Health Service Centre,Basic Health Service Centre,Dhading
62199,Chhatre Deurali  Hp_Dhading,Basic Health Service Centre,Dhading
62200,Naubise Hp_Dhading,Basic Health Service Centre,Dhading
62201,Basic Health Service Center 1,Basic Health Service Centre,Dhading
62202,Basic Health Service Center 3,Basic Health Service Centre,Dhading
62203,Basic Health Service Center 5,Basic Health Service Centre,Dhading
62204,Basic Health Service Center 6,Basic Health Service Centre,Dhading
62205,Basic Health Service Center 9,Basic Health Service Centre,Dhading
62206,Basic Health Service Center 8,Basic Health Service Centre,Dhading
62256,Mulpani Hp,Basic Health Service Centre,Dhading
62257,Salyankot Hp,Basic Health Service Centre,Dhading
62258,Tripureswor Hp,Basic Health Service Centre,Dhading
62259,Salyantar Rural Hospital,Basic Hospital (5 to 15 beds),Dhading
62297,Deurali Community Health Unit,Basic Health Service Centre,Dhading
62298,Nagarik Aarogya Sewa Kendra,Basic Ayurveda Service Centre,Dhading
62299,Jwalamukhi Rural Eye Center,Basic Health Service Centre,Dhading
64436,Khaniyabas Gramin Hospital,Basic Hospital (5 to 15 beds),Dhading
64437,Jharlang Hp,Health Post,Dhading
64438,"Pipaltar Community Health Unit, Jwalamukhi-1, Pipaltar",Basic Health Service Centre,Dhading
64439,Dhola Hp Dhading,Basic Health Service Centre,Dhading
64440,Khari Hp Dhading,Basic Health Service Centre,Dhading
64441,Maidi Hp Dhading,Basic Health Service Centre,Dhading
64442,Kumpur Hp,Basic Health Service Centre,Dhading
64443,Kiranchok Hp,Basic Health Service Centre,Dhading
64444,Pida Hp,Basic Health Service Centre,Dhading
64445,Gajuri Phc,Basic Health Service Centre,Dhading
64446,Gajuri Hospital,Basic Hospital (5 to 15 beds),Dhading
65242,Ongul Bhsc,Basic Health Service Centre,Dhading
65535,"Ratmata Community Health Unit Jwalamukhi 1, Dhading",Basic Health Service Centre,Dhading
65536,"Deurali Community Health Unit Jwalamukhi 7, Dhading",Basic Health Service Centre,Dhading
66020,Kumaltari Chu Dhading,Basic Health Service Centre,Dhading
66021,"Kolvadanda Bhsc Jwalamukhi-7, Dhading",Basic Health Service Centre,Dhading
66199,Bal Devi Bhsc,Basic Health Service Centre,Dhading
66203,Salang Ghat Bhsc,Basic Health Service Centre,Dhading
66204,Aadamtar Bhsc,Basic Health Service Centre,Dhading
66205,Bag Bachhalaa Bhsc,Basic Health Service Centre,Dhading
66206,Jalpaa Bhsc,Basic Health Service Centre,Dhading
66207,Basic Health Service Centre -2,Basic Health Service Centre,Dhading
66208,Basic Health Service Centre -3,Basic Health Service Centre,Dhading
66209,Malekhu Teaching Hospital,Basic Hospital (5 to 15 beds),Dhading
66210,Basic Health Service Centre -4,Basic Health Service Centre,Dhading
66211,Basic Health Service Centre -7,Basic Health Service Centre,Dhading
66212,Basic Health Service Centre -6,Basic Health Service Centre,Dhading
66215,Kalika Bhsc,Basic Health Service Centre,Dhading
66979,Chisapani   Basic Health Service Centre,Basic Health Service Centre,Dhading
66982,Khalte Hp,Basic Health Service Centre,Dhading
66983,Murali Bhanjyang Hp,Basic Health Service Centre,Dhading
67095,Aarughat Hospital,Basic Hospital (5 to 15 beds),Dhading
67126,Kusunde  Chu,Basic Health Service Centre,Dhading
67132,Gumdi Health Post,Basic Health Service Centre,Dhading
67135,Kichet Community Health Unit,Basic Health Service Centre,Dhading
67136,"Nagarik Aarogya Sewa Kendra, Jugedi Dhading",Basic Ayurveda Service Centre,Dhading
67181,Karang Community Health Unit,Basic Health Service Centre,Dhading
13844,Aampipal SHP,Health Post,Gorkha
13845,Aampipal Hospital,Hospital,Gorkha
13846,Aaruarbang SHP,Health Post,Gorkha
13847,Aaruchanuate PHC,Primary Health Care Center,Gorkha
13848,Aarupokhari SHP,Health Post,Gorkha
13849,Rural Health & Social Upliftment Centre,Clinic,Gorkha
13850,Asrang SHP,Health Post,Gorkha
13851,Baguwa SHP,Health Post,Gorkha
13852,Bakrang SHP,Health Post,Gorkha
13853,Mirkote SHP,Health Post,Gorkha
13854,Bhumlichok SHP,Health Post,Gorkha
13855,Bihi Sub Health Post,Health Post,Gorkha
13856,Borlang SHP,Health Post,Gorkha
13857,Bunkot HP,Health Post,Gorkha
13858,Chhaikampar Health Post,Health Post,Gorkha
13859,Chhoprak SHP,Health Post,Gorkha
13860,Chunchet Sub Health Post,Health Post,Gorkha
13861,Chyangli SHP,Health Post,Gorkha
13862,Darbhung SHP,Health Post,Gorkha
13864,Dhawa SHP,Health Post,Gorkha
13865,Dhuwakot HP,Health Post,Gorkha
13867,Fujel SHP,Health Post,Gorkha
13868,Gaikhur SHP,Health Post,Gorkha
13869,Gakhu SHP,Health Post,Gorkha
13870,Ghairung SHP,Health Post,Gorkha
13871,Ghyachhok SHP,Health Post,Gorkha
13872,Ghyalchok SHP,Health Post,Gorkha
13873,Gumda HP,Health Post,Gorkha
13874,Hanspur HP,Health Post,Gorkha
13875,Bhachhek Community Hospital,Hospital,Gorkha
13876,Harmi SHP,Health Post,Gorkha
13877,Jaubari PHC,Primary Health Care Center,Gorkha
13878,Kashigaun Sub Health Post,Health Post,Gorkha
13879,Kerabari SHP,Health Post,Gorkha
13880,Kerauja HP (Manbu),Health Post,Gorkha
13881,Kharibot SHP,Health Post,Gorkha
13882,Khoplang SHP,Health Post,Gorkha
13883,Baddanda HP,Health Post,Gorkha
13884,Laprak SHP,Health Post,Gorkha
13885,Lapu SHP,Health Post,Gorkha
13886,Lho Sub Health Post,Health Post,Gorkha
13887,Manakamana SHP,Health Post,Gorkha
13888,Kerauja Health Post,Health Post,Gorkha
13889,Khanchowk HP,Health Post,Gorkha
13890,Muchhok SHP,Health Post,Gorkha
13891,Namjung SHP,Health Post,Gorkha
13893,Panchkhuwa Deurali SHP,Health Post,Gorkha
13894,Pandrung SHP,Health Post,Gorkha
13901,Larkebazar Health Post,Health Post,Gorkha
13902,Samagaun Sub Health Post,Health Post,Gorkha
13903,Saurpani SHP,Health Post,Gorkha
13904,Shreenathkot SHP,Health Post,Gorkha
13905,Simjung SHP,Health Post,Gorkha
13906,Sirdibas SHP,Health Post,Gorkha
13907,Swara SHP,Health Post,Gorkha
13908,Taklung SHP,Health Post,Gorkha
13909,Takukot SHP,Health Post,Gorkha
13910,Takumajhalakuri HP,Health Post,Gorkha
13911,Tandrang SHP,Health Post,Gorkha
13912,Makaising PHC,Primary Health Care Center,Gorkha
13913,Tanglichok SHP,Health Post,Gorkha
13915,Thalajung SHP,Health Post,Gorkha
13916,Thumi SHP,Health Post,Gorkha
13917,Uhiya SHP,Health Post,Gorkha
13918,Warpak SHP,Health Post,Gorkha
16272,pharmacy bungkot,Pharmacy,Gorkha
16273,Bungkot Hospital,Hospital,Gorkha
16661,Amppipal,Hospital,Gorkha
16664,Hospital,Pharmacy,Gorkha
29506,Khoplang Health Post,Health Post,Gorkha
29509,Thantipokhari Birthing Center,Health Post,Gorkha
29510,Palungtar Ayurved Ausadhalaya,Health Post,Gorkha
29988,Upakar Medical Hall,Pharmacy,Gorkha
29989,Roka Pharmacy,Pharmacy,Gorkha
29990,Tej Pharmacy And Dr Clinic,Clinic,Gorkha
29991,Acharya Health Center,Pharmacy,Gorkha
29992,Anjan Dental Care,Dental Clinic,Gorkha
29993,RadhaKrishna Pharmacy And Dr Clinic,Clinic,Gorkha
29996,Lig Lig Palungtar Health Clinic,Pharmacy,Gorkha
30065,Okhreni Health Unit,Primary Health Care Center,Gorkha
30066,Dharapani Health Unit,Primary Health Care Center,Gorkha
30067,Chorkate Health Unit,Health Post,Gorkha
30068,Simle Health Unit,Primary Health Care Center,Gorkha
33851,Home Town Medical Hall,Pharmacy,Gorkha
45177,Raniswara Health Post,Health Post,Gorkha
45178,Taple Health Post,Health Post,Gorkha
45179,Kokhe Aahale Urban Health Center,,44
45180,Arusara Urban Health Center,,44
45181,Finam Health Post,Health Post,Gorkha
45182,Nareswor Health Post,Health Post,Gorkha
45183,Ghalang Urban Health Center,,44
45184,Paslang Urban Health Center,,44
45185,Laxmi Bazar Urban Health Center,,44
45186,Gorkha Memorial Hospital Pvt.Ltd,General Hospital,Gorkha
45187,Prithivi Narayan Community Hospital,General Hospital,Gorkha
45188,Manakamana Medical Hall,Clinic (Eye/Medical),Gorkha
45189,Chhebetar Urban Health Center,,44
45190,Tara Nagar Health Post,Health Post,Gorkha
45191,Deurali Health Post,Health Post,Gorkha
45192,Pyuggharbesi Nagar Swasthye Akai,,44
45193,Aadharbhut Swasthye Kendra Simalgairi,Health Post,Gorkha
45194,Gorkha Municipality 7 Primary Health Center,,44
45195,Aama Baa Hospital,General Hospital,Gorkha
45196,Simle Health Post,Health Post,Gorkha
45197,Clinic,,44
45198,Gorkha Hospital,,44
45199,Sagar Pharmacy,,Gorkha
45200,Gorkha Apollo Hospital,,44
45201,Lion Eye Hospital,,44
45202,Aryal Pharmacy,,Gorkha
45203,Hospital Pharmacy,,Gorkha
45204,Dhakal Medical,,Gorkha
45205,Badri Medical Hall,,Gorkha
45206,Gorkha Pharma,,44
45207,Aryal Medical Hall,,Gorkha
45208,Shrijana Pharmacy,,Gorkha
45209,Shrestha Medico Pharma,,44
45210,Baniya Pharmacy,,Gorkha
56941,Larkebazaar Health Post,Basic Health Service Centre,Gorkha
56942,Samagaun Health Post,Basic Health Service Centre,Gorkha
56943,Sirdibas Health Post,Basic Health Service Centre,Gorkha
56944,Simjung Hp,Basic Health Service Centre,Gorkha
56945,Saurpani Health Post,Basic Health Service Centre,Gorkha
56946,Swara Health Post,Basic Health Service Centre,Gorkha
56947,Takukot Health Post,Basic Health Service Centre,Gorkha
56948,Barpak Health Post,Basic Health Service Centre,Gorkha
56949,Uhiya Hp,Basic Health Service Centre,Gorkha
56950,Thumi Health Post,Basic Health Service Centre,Gorkha
56951,Tandrang Health Post,Basic Health Service Centre,Gorkha
56952,Shreenathkot Health Post,Basic Health Service Centre,Gorkha
56953,Thalajung Health Post,Basic Health Service Centre,Gorkha
56954,Raniswara Health Post,Basic Health Service Centre,Gorkha
56955,Taklung Heath Post Gorkha,Basic Health Service Centre,Gorkha
56956,Tanglichok Health Post,Basic Health Service Centre,Gorkha
59035,Bhumlichok Hp,Health Post,Gorkha
61101,Lihi Chu (Can),Basic Health Service Centre,Gorkha
61102,Prok Chu (Can),Health Clinic,Gorkha
61103,Chumling Chu (Can),Basic Health Service Centre,Gorkha
61104,Sipcheat Chu (Can),Basic Health Service Centre,Gorkha
64472,Sahid Smriti Basic Hospital,Basic Hospital (5 to 15 beds),Gorkha
64473,Baguwa Health Post,Basic Health Service Centre,Gorkha
64474,Dhawa Health Post,Basic Health Service Centre,Gorkha
64475,Khanchok Health Post,Basic Health Service Centre,Gorkha
64476,Baddanda Hp,Basic Health Service Centre,Gorkha
64477,Chyangli Hp,Basic Health Service Centre,Gorkha
64478,Dhunwakot Hp,Basic Health Service Centre,Gorkha
64479,Gaikhur Hp,Basic Health Service Centre,Gorkha
64480,Khoplang Hp,Basic Health Service Centre,Gorkha
64481,Mirkot Hp,Basic Health Service Centre,Gorkha
64482,Aampipal Hospital,General Hospital,Gorkha
65614,Okhle Basic Health Service Center,Basic Health Service Centre,Gorkha
65623,Mandre Basic Health Survice Centre,Basic Health Service Centre,Gorkha
65629,Thantipokhari Bc,Basic Health Service Centre,Gorkha
65630,Hawaiground Uhc,Basic Health Service Centre,Gorkha
65631,Khatritar Uhc,Basic Health Service Centre,Gorkha
65634,Haattigauda Uhc,Basic Health Service Centre,Gorkha
65636,Sera Chu,Basic Health Service Centre,Gorkha
65640,Kamaltar Uhc,Basic Health Service Centre,Gorkha
65644,Kotgadhi Bhc,Basic Health Service Centre,Gorkha
65935,Masel  Community Health Unit,Basic Health Service Centre,Gorkha
66076,Chapabhanjyang Uhc,Basic Health Service Centre,Gorkha
66077,Dumredanda Uhc,Basic Health Service Centre,Gorkha
66100,Nyak Chu,Basic Health Service Centre,Gorkha
66502,Jagat Community Health Unit,Basic Health Service Centre,Gorkha
66503,Lokpa Community Health Unit,Basic Health Service Centre,Gorkha
66505,Laar Community Health Unit,Basic Health Service Centre,Gorkha
66506,Shyo Community Health Unit,Basic Health Service Centre,Gorkha
66905,Nile Chu (Can),Basic Health Service Centre,Gorkha
66980,Chimchok Community Health Unit,Basic Health Service Centre,Gorkha
66981,Phulakharka Gramin Hospital,Basic Hospital (5 to 15 beds),Gorkha
66986,Ree Health Post,Basic Health Service Centre,Gorkha
66987,Ganesh Himal Health Care,Basic Health Service Centre,Gorkha
66988,Tajimrang Community Health Unit,Basic Health Service Centre,Gorkha
66990,Kichet Chu,Basic Health Service Centre,Gorkha
67075,Bihi Health Post,Basic Health Service Centre,Gorkha
67076,Chhekampar Health Post,Basic Health Service Centre,Gorkha
67077,Chumchet Health Post,Basic Health Service Centre,Gorkha
67078,Lho Health Post,Basic Health Service Centre,Gorkha
67079,Lapu Majhgaun Chu,Basic Health Service Centre,Gorkha
67080,Gumda Hp,Basic Health Service Centre,Gorkha
67081,Kerauja Hp,Basic Health Service Centre,Gorkha
67082,Aaruarbang Health Post,Basic Health Service Centre,Gorkha
67083,Aarupokhari Health Post,Basic Health Service Centre,Gorkha
67084,Kerauja (Manbu) Health Post,Basic Health Service Centre,Gorkha
67085,Aaruchanaute Primary Health Care Center,Basic Hospital (5 to 15 beds),Gorkha
67086,Manakamana Basic Health Service Center,Basic Health Service Centre,Gorkha
67087,Bakrang Health Post,Basic Health Service Centre,Gorkha
67088,Bunkot Health Post,Basic Health Service Centre,Gorkha
67089,Ghairung Health Post,Basic Health Service Centre,Gorkha
67090,Manakamana Health Post,Basic Health Service Centre,Gorkha
67091,Namjung Health Post,Basic Health Service Centre,Gorkha
67092,Ghyalchok Basic Health Centre,Basic Health Service Centre,Gorkha
67093,Koldanda Chu,Basic Health Service Centre,Gorkha
67094,Satdobato Health Center,Basic Health Service Centre,Gorkha
67096,Thalchok Basic Health Care Center,Basic Health Service Centre,Gorkha
67097,Shyamrang Basic Health Care Center,Basic Health Service Centre,Gorkha
67098,Kalleri Basic Health Care Center,Basic Health Service Centre,Gorkha
67099,Dandagaun Basic Health Care Center,Basic Health Service Centre,Gorkha
67100,Churung Community Health Unit,Basic Health Service Centre,Gorkha
67101,Oyak Community Health Unit,Basic Health Service Centre,Gorkha
67102,Patlekharka Community Health Unit,Basic Health Service Centre,Gorkha
67103,Khorla  Gau Chu,Basic Health Service Centre,Gorkha
67104,Chorkate Basic Health Center,Basic Health Service Centre,Gorkha
67105,Simle Community Health Unit,Basic Health Service Centre,Gorkha
67106,Bayapani Community Health Unit,Basic Health Service Centre,Gorkha
67107,Taklung Basic Health Centre,Basic Health Service Centre,Gorkha
67108,Bungkot Basic Health Centre,Basic Health Service Centre,Gorkha
67109,Chautara Community Health Unit,Basic Health Service Centre,Gorkha
67110,Baluwa Birthing Centre,Basic Health Service Centre,Gorkha
67111,Aprik Community Health Unit,Basic Health Service Centre,Gorkha
67112,Dunla Chu,Basic Health Service Centre,Gorkha
67113,Samdo Chu (Can),Basic Health Service Centre,Gorkha
67114,Lamabeshi Chu,Basic Health Service Centre,Gorkha
67115,Badridanda Chu,Super Specialized Hospital,Gorkha
67121,Hulchuk Chu,Basic Health Service Centre,Gorkha
67122,Singla  Chu,Basic Health Service Centre,Gorkha
67123,Kashigaun Hp,Basic Health Service Centre,Gorkha
67124,Laprak Hp,Basic Health Service Centre,Gorkha
67125,Lapu Hp,Basic Health Service Centre,Gorkha
67127,Dhansera Chu,Basic Health Service Centre,Gorkha
67128,Yarsha Chu,Basic Health Service Centre,Gorkha
67129,Bhirkuna Chu,Basic Health Service Centre,Gorkha
67130,Lapsobot Chu,Basic Health Service Centre,Gorkha
67131,Runchet Chu,Basic Health Service Centre,Gorkha
67133,Budhashing Chu,Basic Health Service Centre,Gorkha
67134,Khimpu Chu,Basic Health Service Centre,Gorkha
67138,Gaikhur Urban Health Centre,Basic Health Service Centre,Gorkha
68189,Pangsing Chu,Basic Health Service Centre,Gorkha
11041,Panchakanya Community Hospital,Hospital,Nuwakot
11042,Nuwakot Hospital Pvt Ltd,Hospital,Nuwakot
11043,Deurali PHC,Primary Health Care Center,Nuwakot
11044,Kakani PHC,Primary Health Care Center,Nuwakot
11045,Kharanitar PHC,Primary Health Care Center,Nuwakot
14387,Bageswori Chokade SHP,Health Post,Nuwakot
14388,Balkumari SHP,Health Post,Nuwakot
14389,Barsunchet SHP,Health Post,Nuwakot
14390,Belkot HP,Health Post,Nuwakot
14391,Beteni SHP,Health Post,Nuwakot
14392,Bhadratar HP,Health Post,Nuwakot
14393,Bhalche SHP,Health Post,Nuwakot
14394,Lions Dental Clinic,Dental Clinic,Nuwakot
14395,Marie Stopes Centre,Other,Nuwakot
14396,Nuwakot HP,Health Post,Nuwakot
14397,Budhasing HP,Health Post,Nuwakot
14398,Thap Budhasing SHP,Health Post,Nuwakot
14399,Bungtang SHP,Health Post,Nuwakot
14400,Charghare SHP,Health Post,Nuwakot
14401,Chaturale HP,Health Post,Nuwakot
14402,Chaughada SHP,Health Post,Nuwakot
14403,Chauthe SHP,Health Post,Nuwakot
14404,Chhap SHP,Health Post,Nuwakot
14405,Dangsing SHP,Health Post,Nuwakot
14406,Duipipal HP,Health Post,Nuwakot
14407,Thap Duipipal SHP,Health Post,Nuwakot
14408,Ganeshthan SHP,Health Post,Nuwakot
14409,Gaunkharka SHP,Health Post,Nuwakot
14410,Gerkhu SHP,Health Post,Nuwakot
14411,Ghyangphedi HP,Health Post,Nuwakot
14412,Gorsyang HP,Health Post,Nuwakot
14413,Jiling SHP,Health Post,Nuwakot
14414,Kiran Polyclinic Pvt. Ltd.,Clinic,Nuwakot
14415,Kabilas HP,Health Post,Nuwakot
14416,Kalikahalde HP,Health Post,Nuwakot
14417,Kalyanpur SHP,Health Post,Nuwakot
14418,Kaule HP,Health Post,Nuwakot
14419,Khadag Bhanjyang HP,Health Post,Nuwakot
14420,Kintang SHP,Health Post,Nuwakot
14421,Kumari SHP,Health Post,Nuwakot
14422,Lachyang HP,Health Post,Nuwakot
14423,Sallemaidan HP,Health Post,Nuwakot
14424,Madanpur SHP,Health Post,Nuwakot
14426,Fikuri HP,Health Post,Nuwakot
14427,Manakamana SHP,Health Post,Nuwakot
14428,Thap Manakamana SHP,Health Post,Nuwakot
14429,Narjamandap SHP,Health Post,Nuwakot
14430,Okharpauwa SHP,Health Post,Nuwakot
14431,Sisdol HP,Health Post,Nuwakot
14432,Panchkanya SHP,Health Post,Nuwakot
14433,Ralukadevi SHP,Health Post,Nuwakot
14434,Ratmate SHP,Health Post,Nuwakot
14435,Rautbesi HP,Health Post,Nuwakot
14436,Salme SHP,Health Post,Nuwakot
14437,Thap Samari SHP,Health Post,Nuwakot
14438,Samari HP,Health Post,Nuwakot
14439,Samundratar HP,Health Post,Nuwakot
14440,Shikharbesi HP,Health Post,Nuwakot
14441,Sikre SHP,Health Post,Nuwakot
14442,Samundradevi SHP,Health Post,Nuwakot
14444,Sunkhani SHP,Health Post,Nuwakot
14445,Suryamati SHP,Health Post,Nuwakot
14446,Talakhu SHP,Health Post,Nuwakot
14447,Taruka HP,Health Post,Nuwakot
14448,Thanapati SHP,Health Post,Nuwakot
14449,Thansing SHP,Health Post,Nuwakot
14450,Thaprek SHP,Health Post,Nuwakot
14451,Tupche SHP,Health Post,Nuwakot
14452,Urleni HP,Health Post,Nuwakot
14547,Madhurijabdi SHP,Health Post,Nuwakot
14569,Pipradhigoth SHP,Health Post,Nuwakot
16285,Health Post,Health Post,Nuwakot
55266,Balkumari Hp,Basic Health Service Centre,Nuwakot
55267,Beteni Hp,Basic Health Service Centre,Nuwakot
55268,Gaunkharka Hp,Basic Health Service Centre,Nuwakot
55269,Ghyangphedi Hp,Basic Health Service Centre,Nuwakot
55270,Rautbesi Hp,Basic Health Service Centre,Nuwakot
55271,Samundratar Hp,Basic Health Service Centre,Nuwakot
55272,Shikharbesi Hp,Basic Health Service Centre,Nuwakot
55273,Kutusang Community Health Center_ Nuwakot,Basic Health Service Centre,Nuwakot
55274,Sundaradevi Health Post,Basic Health Service Centre,Nuwakot
55275,Narjamandap Health Post,Basic Health Service Centre,Nuwakot
55276,Ralukadevi Health Post,Basic Health Service Centre,Nuwakot
55277,Urleni Hp,Health Post,Nuwakot
55278,Tadi Basic Hospital,Basic Hospital (5 to 15 beds),Nuwakot
55279,Bageswori Hp,Health Post,Nuwakot
55280,Ganeshthan Hp,Health Post,Nuwakot
55281,Haldekalika Hp,Health Post,Nuwakot
55282,Lachyang Hp,Health Post,Nuwakot
55283,Panchakanya Community Hospital,General Hospital,Nuwakot
55284,Marie Stopes Centre Bidur Municipality_Nuwakot,,Nuwakot
55285,Psi Nepal Bidur Municipality_Nuwakot,,Nuwakot
55286,Community Health Unit Tupche,Basic Health Service Centre,Nuwakot
55287,Community Health Unit 12,Basic Health Service Centre,Nuwakot
55288,Charghare Hp,Basic Health Service Centre,Nuwakot
55289,Gerkhu Hp,Basic Health Service Centre,Nuwakot
55290,Kalyanpur Hp,Basic Health Service Centre,Nuwakot
55291,Khadag Bhanjyang Hp,Basic Health Service Centre,Nuwakot
55292,Nuwakot Hp,Basic Health Service Centre,Nuwakot
55293,Tupche Hp,Basic Health Service Centre,Nuwakot
55294,Mch Clinic Bidur,Basic Health Service Centre,Nuwakot
55295,Urban Health Center 6,Basic Health Service Centre,Nuwakot
55296,Urban Health Center 9,Basic Health Service Centre,Nuwakot
55297,Community Health Unit 3,Basic Health Service Centre,Nuwakot
55298,Urban Health Center_ Bidur-5_ Nuwakot,Basic Health Service Centre,Nuwakot
55299,Trishuli Dental Care Pvt.Ltd._ Nuwakot,Medical Centre,Nuwakot
55300,"Nuwakot City Hosptial Bidur-3, Nuwakot",General Hospital,Nuwakot
55301,Nuwakot Hospital Pvt.Ltd.L_Nuwakot,General Hospital,Nuwakot
55302,Nuwakot Sanjivani Hospital Nuwakot,General Hospital,Nuwakot
55303,"Aamthang Primary Thc, Kalyanpur-2, Nuwakot",,Nuwakot
55304,Battar Sanjibani Poly Clinic_ Bidur_ Nuwakot,Poly Clinic,Nuwakot
55305,Bhalche Hp_Nuwakot,Basic Health Service Centre,Nuwakot
55306,Fikuri Hp_Nuwakot,Basic Health Service Centre,Nuwakot
55307,Kaule Hp Nuwakot,Basic Health Service Centre,Nuwakot
55308,Manakamana Hp Nuwakot,Basic Health Service Centre,Nuwakot
55309,Salme Hp_Nuwakot,Basic Health Service Centre,Nuwakot
55310,Thap Manakamana Hp_Nuwakot,Basic Health Service Centre,Nuwakot
55311,Barsunchet Hp_Nuwakot,Health Post,Nuwakot
55312,Bungtang Hp_Nuwakot,Health Post,Nuwakot
55313,Kintang Hp_Nuwakot,Health Post,Nuwakot
55314,Samari Hp _Nuwakot,Health Post,Nuwakot
55315,Thap Samari Hp_Nuwakot,Health Post,Nuwakot
55316,Deurali Phc _Nuwakot,Primary Health Center,Nuwakot
55317,Taruka Aayurved Dispensary,Basic Health Service Centre,Nuwakot
55318,Budhasing Hp_Nuwakot,Basic Health Service Centre,Nuwakot
55319,Dangsing Hp_Nuwakot,Basic Health Service Centre,Nuwakot
55320,Gorsyang Hp_Nuwakot,Basic Health Service Centre,Nuwakot
55321,Taruka Hp_Nuwakot,Basic Health Service Centre,Nuwakot
55322,Thap Budhasing Hp_Nuwakot,Health Post,Nuwakot
55324,"Community Health Unit, Belkot-9, Nuwakot",Basic Health Service Centre,Nuwakot
55325,Belkot Hp_Nuwakot,Basic Health Service Centre,Nuwakot
55326,Duipipal Hp_Nuwakot,Basic Health Service Centre,Nuwakot
55327,Jiling Hp_Nuwakot,Basic Health Service Centre,Nuwakot
55328,Kumari Hp_Nuwakot,Basic Health Service Centre,Nuwakot
55329,Madanpur Hp_Nuwakot,Basic Health Service Centre,Nuwakot
55330,Ratmate Hp_Nuwakot,Basic Health Service Centre,Nuwakot
55331,Thap Duipipal Hp_Nuwakot,Basic Health Service Centre,Nuwakot
55332,Sukuman Memorial Poly Clinic Kumari_ Nuwakot,Poly Clinic,Nuwakot
55333,Thansing Aayurved Ausadhalaya,Basic Ayurveda Service Centre,Nuwakot
55334,Chaughada Hp_Nuwakot,Basic Health Service Centre,Nuwakot
55335,Khanigaun Hp_Nuwakot,Basic Health Service Centre,Nuwakot
55336,Suryamati Hp_Nuwakot,Basic Health Service Centre,Nuwakot
55337,Bhadratar Hp_Nuwakot,Basic Health Service Centre,Nuwakot
55338,Kabilas Hp Nuwakot,Health Post,Nuwakot
55340,Thaprek Health Post Nuwakot,Basic Health Service Centre,Nuwakot
55341,Kiran Polyclinic Pvt. Ltd._Nuwakot,Basic Health Service Centre,Nuwakot
55342,"Community Health Unit, Talakhu-6, Nuwakot",Community Health Unit,Nuwakot
55343,Community Health Unit_Samundradevi_Nuwakot,??????????????????????????????? ???????????,25
55344,Chhap Hp_Nuwakot,Basic Health Service Centre,Nuwakot
55345,Mahakali Hp_Nuwakot,??????????????????????????????? ???????????,25
55346,Sallemaidan Hp_Nuwakot,??????????????????????????????? ???????????,25
55347,Samundradevi Hp_Nuwakot,??????????????????????????????? ???????????,25
55348,Sikre Hp_Nuwakot,??????????????????????????????? ???????????,25
55349,Sunkhani Hp_Nuwakot,??????????????????????????????? ???????????,25
55350,Talakhu Hp_Nuwakot,??????????????????????????????? ???????????,25
55351,Thanapati Hp_Nuwakot,??????????????????????????????? ???????????,25
55352,Chaturale Health Post Kakani,Basic Health Service Centre,Nuwakot
55353,Chauthe Hp_Nuwakot,Health Post,Nuwakot
55354,Okharpauwa Hp_Nuwakot,Basic Health Service Centre,Nuwakot
55355,Sisdol Hp _Nuwakot,Health Post,Nuwakot
55356,Thansing Hp_Nuwakot,Health Post,Nuwakot
55357,Kakani Phc _Nuwakot,Primary Health Center,Nuwakot
58721,"Baniyatar Health Post, Panchakanya 01, Nuwakot",Basic Health Service Center,Nuwakot
58742,Bagarbazar Chu_Nuwakot,Basic Health Service Centre,Nuwakot
58792,Bohore Basic Health Service Centre,Basic Health Service Centre,Nuwakot
58793,Thansingh Chu_Nuwakot,Basic Health Service Centre,Nuwakot
62021,"Community Health Unit, Tarakeshwor 2",Basic Health Service Centre,Nuwakot
62022,"Basic Health Care Service Center, Majuwa 6",Basic Health Service Centre,Nuwakot
62074,Nigale Chu,Basic Health Service Centre,Nuwakot
62075,Purgau Chu,Basic Health Service Centre,Nuwakot
62076,Aduwabari Chu,Basic Health Service Centre,Nuwakot
62077,Odare Chu,Basic Health Service Centre,Nuwakot
62078,Nayachepar Chu,Basic Health Service Centre,Nuwakot
62079,Karejung Chu,Basic Health Service Centre,Nuwakot
62174,Jarung Basic Health Service Center,??????????????????????????????? ???????????,25
62213,Urleni Health Post,Basic Health Service Centre,Nuwakot
62289,"Basic Health Service Center, 8",Basic Health Service Centre,Nuwakot
64447,Dhikure Aayurved Ausadhalaya,Basic Ayurveda Service Centre,Nuwakot
66535,"Basic Health Service Center, Dadakharka",Basic Health Service Centre,Nuwakot
66721,Panchakanya Hospital,Basic Hospital (5 to 15 beds),Nuwakot
66722,Urban Health Centre Bidur-1,Basic Health Service Centre,Nuwakot
66723,Besikatheri Chu,Basic Health Service Centre,Nuwakot
66731,Urban Health Center 1,Basic Health Service Centre,Nuwakot
66732,Urban Health Center-4,Basic Health Service Centre,Nuwakot
66733,Urban Health Center-8,Basic Health Service Centre,Nuwakot
66734,Urban Health Center-10,Basic Health Service Centre,Nuwakot
66998,Raluka Aayurved Aausadhalaya,Basic Ayurveda Service Centre,Nuwakot
66999,Sundara Tame Aayurved Aausadhalaya,Basic Ayurveda Service Centre,Nuwakot
67000,Narjamandap Aayurved Aausadhalaya,Basic Ayurveda Service Centre,Nuwakot
67001,Urleni Health Post,Basic Health Service Centre,Nuwakot
67002,Community Health Unit Chilaunegau,Basic Health Service Centre,Nuwakot
67003,Simtang Chu,Basic Health Service Centre,Nuwakot
67007,Kuwapani Chu,Basic Health Service Centre,Nuwakot
67008,Kuwapani Chu,Basic Health Service Centre,Nuwakot
67009,Kuwapani Chu,Basic Health Service Centre,Nuwakot
67010,Bungtang,Basic Health Service Centre,Nuwakot
67011,Kimtang Health Post,Basic Health Service Centre,Nuwakot
67012,Bhairabi C.H.U.,Basic Health Service Centre,Nuwakot
67013,"Basic Health Unit,Darshantaar",Basic Health Service Centre,Nuwakot
67014,Nagarik Aarogya Sewa Kendra,Basic Ayurveda Service Centre,Nuwakot
67017,"Basic Health Unit,Nigleni",Basic Health Service Centre,Nuwakot
67018,"Basic Health Unit,Dadakhark",Basic Health Service Centre,Nuwakot
67019,"Basic Health Unit,Phirkepkot",Basic Health Service Centre,Nuwakot
67020,"Basic Health Unit,Seldada",Basic Health Service Centre,Nuwakot
67231,Simbandi Community Health Unit,Basic Health Service Centre,Nuwakot
11046,Bhorle SHP,Health Post,Rasuwa
11047,Bridhim HP,Health Post,Rasuwa
11048,Thambuchet HP,Health Post,Rasuwa
11049,Dandagoun HP,Health Post,Rasuwa
11050,"District Hospital , Rasuwa",Hospital,Rasuwa
11051,Rasuwa HP,Health Post,Rasuwa
11052,Gatlang SHP,Health Post,Rasuwa
11053,Goljung HP,Health Post,Rasuwa
11054,Haku SHP,Health Post,Rasuwa
11055,Jibjibe PHC,Primary Health Care Center,Rasuwa
11056,Laharepouwa HP,Health Post,Rasuwa
11057,Langtang HP,Health Post,Rasuwa
11058,Ramche HP,Health Post,Rasuwa
11059,Parchyang HP,Health Post,Rasuwa
11060,Syafrubesi HP,Health Post,Rasuwa
11061,Thulogoun SHP,Health Post,Rasuwa
11062,Thuman SHP,Health Post,Rasuwa
11063,Timure HP,Health Post,Rasuwa
11064,Yarsa SHP,Health Post,Rasuwa
12132,Destrict Community Eye Center,Other,Rasuwa
12133,"2,900,540,101",Hospital,Rasuwa
12134,FK Health Clinic,Other,Rasuwa
12135,Kalika Community Hospital,Hospital,Rasuwa
12136,Kalika Pharmacy,Medical/Pharmecy,Rasuwa
12137,Mountain Fund Clinic,Other,Rasuwa
12138,Panta Medical Hall,Clinic,Rasuwa
16353,Kalika Community Hospital,Hospital,Rasuwa
17469,Dhunche Pharmacy,Pharmacy,Rasuwa
17471,Rasuwa District Hospital,Hospital,Rasuwa
18056,Langtang Valley Clinic,Clinic,Rasuwa
55230,Handicap International,Clinic (Dental/Eye/Medical????.),Rasuwa
55231,District Aayurved Health Center,Ayurveda Health Center (General Ayurveda Hospital),Rasuwa
55232,District Hospital Rasuwa,General Hospital,Rasuwa
55233,Bridhim Health Post,Basic Health Service Centre,Rasuwa
55234,Langtang Health Post Rasuwa,Basic Health Service Centre,Rasuwa
55235,Rasuwa Health Post Rasuwa,Basic Health Service Centre,Rasuwa
55236,Syafrubesi Health Post Rasuwa,Basic Health Service Centre,Rasuwa
55237,Thuman Health Post Rasuwa,Basic Health Service Centre,Rasuwa
55238,Timure Health Post Rasuwa,Basic Health Service Centre,Rasuwa
55239,District Jail,Basic Health Service Centre,Rasuwa
55240,Rasuwa Community Eye Center,Eye Treatment Centre,Rasuwa
55241,Gatlang Health Post,Basic Health Service Centre,Rasuwa
55242,Goljung Hp,Basic Health Service Centre,Rasuwa
55243,Haku Health Post,Basic Health Service Centre,Rasuwa
55244,Thambuchet Health Post,Basic Health Service Centre,Rasuwa
55245,Bogatitar Community Health Unit,??????????????????????????????? ???????????,23
55246,Dandagoun Hp,Health Post,Rasuwa
55247,Laharepouwa Hp,Health Post,Rasuwa
55248,Thulogoun Hp,Health Post,Rasuwa
55249,Bhorle Aayurved Ausadalaya,Basic Ayurveda Service Centre,Rasuwa
55250,"Beteni Basic Health Service Center,Rasuwa",Basic Health Service Centre,Rasuwa
55251,Kalika Basic Health Service Center,Basic Health Service Centre,Rasuwa
55252,Ramche Health Post,Basic Health Service Centre,Rasuwa
55253,Jibjibe Gramin Hospital,Basic Hospital (5 to 15 beds),Rasuwa
55254,Langbu Besic Health Service Center Langbu,Basic Health Service Centre,Rasuwa
55255,Bhorle Health Post,Basic Health Service Centre,Rasuwa
55256,Parchyang Health Post,Basic Health Service Centre,Rasuwa
55257,Yarsa Health Post,Basic Health Service Centre,Rasuwa
58720,Mailung Chu,??????????????????????????????? ???????????,23
58741,"Gray Basic Health Service Centre , Rasuwa",Basic Health Service Centre,Rasuwa
58768,"Dhuseni Basic Health Service Center,Kalika",Basic Health Service Centre,Rasuwa
58769,"Saramthali Besic Health Service Center Samthali, Rasuwa",Basic Health Service Centre,Rasuwa
58809,"Sarsyu Besic Health Service Center, Sarsyu, Rasuwa",Basic Health Service Centre,Rasuwa
61611,Parchyang Health Post,Health Post,Rasuwa
61629,Langbu Community Health Post,Health Post,Rasuwa
61630,Yarsa Health Post,Health Post,Rasuwa
61631,Saramthali Community Health Unit,Community Health Unit,Rasuwa
61632,Sarsyu Community Health Unit,Community Health Unit,Rasuwa
61633,Parchyang Hospital,General Hospital,Rasuwa
61634,Parchyang Ayurveda Hospital,Ayurveda Hospital,Rasuwa
61635,Bhorle Health Post,Health Post,Rasuwa
61636,Bhorle Community Health Unit,Community Health Unit,Rasuwa
61832,Tiru Community Health Unit,Community Health Unit,Rasuwa
66566,Dahalfedi Community Health Unit Rasuwa,Basic Health Service Centre,Rasuwa
67031,Khamjing Community Health Unit Rasuwa,Basic Health Service Centre,Rasuwa
67227,"Betang Besic Health Service Center, Betang",Basic Health Service Centre,Rasuwa
67228,"Thulo Bhorle Basic Health Service Center, Bhorle",Basic Health Service Centre,Rasuwa
67229,"Thulosyafru Community Health Unit, Rasuwa",Basic Health Service Centre,Rasuwa
67230,Dobo Temba Phurpa Basic Hospital,Basic Ayurveda Service Centre,Rasuwa
67232,Arukharka Community Health Unit,Basic Health Service Centre,Rasuwa
13986,Anbukhaireni SHP,Health Post,Tanahu
13987,Arunodaya HP,Health Post,Tanahu
13988,Baidi SHP,Health Post,Tanahu
13989,Bandipur Hospital,Hospital,Tanahu
13990,Laxmi Hospital,Hospital,Tanahu
13991,Marie Stopes Centre,Other,Tanahu
13992,Purandihi PHC,Primary Health Care Center,Tanahu
13993,Basantapur SHP,Health Post,Tanahu
13994,Bhanu SHP,Health Post,Tanahu
13995,Gorkha Community Polyclinic,Clinic,Tanahu
13996,Bhanumati SHP,Health Post,Tanahu
13997,Bhimad PHC,Primary Health Care Center,Tanahu
13998,Bhirkot SHP,Health Post,Tanahu
14004,Tharpu HP,Health Post,Tanahu
14005,Chhimkeshwori SHP,Health Post,Tanahu
14006,Chhipchhipe HP,Health Post,Tanahu
14007,Chokchisapani SHP,Health Post,Tanahu
14008,Deurali SHP,Health Post,Tanahu
14009,Sinchyang HP,Health Post,Tanahu
14010,Dharampani HP,Health Post,Tanahu
14011,Dhorfirdi HP,Health Post,Tanahu
14012,Khairenitar HP,Health Post,Tanahu
14013,Seti Ganga Community Hospital,Hospital,Tanahu
14014,Firfire SHP,Health Post,Tanahu
14015,Gajarkot SHP,Health Post,Tanahu
14017,Jamune SHP,Health Post,Tanahu
14018,Kahushivapur SHP,Health Post,Tanahu
14020,Khairenitar SHP,Health Post,Tanahu
14021,Kihun SHP,Health Post,Tanahu
14022,Kota SHP,Health Post,Tanahu
14023,Kotdarbar SHP,Health Post,Tanahu
14025,Majhakot SHP,Health Post,Tanahu
14026,Manpang HP,Health Post,Tanahu
14028,Purkot SHP,Health Post,Tanahu
14029,Reproductive Health Service,Other,Tanahu
14030,Raipur SHP,Health Post,Tanahu
14031,Ramjakot SHP,Health Post,Tanahu
14032,Rising Ranipokhari SHP,Health Post,Tanahu
14034,Rupakot SHP,Health Post,Tanahu
14036,Shambu Hattiya HP,Health Post,Tanahu
14038,Ghiring Sundhara SHP,Health Post,Tanahu
14040,Tharpek HP,Health Post,Tanahu
14041,Jyamruk HP,Health Post,Tanahu
16442,Chandrawati Medical,Hospital,Tanahu
16445,Chandrawati Vaccination Center,Hospital,Tanahu
16932,Health Post,Health Post,Tanahu
17349,Thorpu swastha chauki,Pharmacy,Tanahu
17666,Sanjiwani Medical Hall,Pharmacy,Tanahu
17687,Prajapati Ausadhi Pasal,Pharmacy,Tanahu
17726,Koirala Medical Hall,Pharmacy,Tanahu
17733,Shree Chhimkeswori Pharmacy,Pharmacy,Tanahu
17737,Suklagandaki Medical Hall,Pharmacy,Tanahu
17738,Shree Chhimkeswori General Hospital,Hospital,Tanahu
18032,Sangamo Aayeubedic Pharmacy,Pharmacy,Tanahu
37316,Chhabdi Urban Health Centre,Health Post,Tanahu
37317,Pokkharibhanjyang Health Post,Health Post,Tanahu
37318,Keshavtar Ayurveda Aushadhalaya,Pharmacy,Tanahu
37319,Keshavtar Health Post,Health Post,Tanahu
37320,Gajaude Health Post,Health Post,Tanahu
37321,Charkune Basic Health Centre,Health Post,Tanahu
37322,Kerabari Basic Health Center,Health Post,Tanahu
37323,Simaltar Basic Health Center,Health Post,Tanahu
37324,Pateni Basic Health Center,Health Post,Tanahu
37325,Ranitari Urban Health Center,Health Post,Tanahu
37326,Madibeshi Community Health Unit,Health Post,Tanahu
37327,Pathra Basic Health Center,Health Post,Tanahu
37328,Dumsi Basic Health Center,Health Post,Tanahu
37329,Tanahusur Health Post,Health Post,Tanahu
37330,Tanahusur Health Post Service Office,Health Post,Tanahu
37331,Ghansikuwa Health Post,Health Post,Tanahu
37332,Chhirkan Service Office,Health Post,Tanahu
37333,Shree Ratnahari Memorial Hospital,Hospital,Tanahu
37334,Byasnagar Hospital,Hospital,Tanahu
37335,Samadhan Hospital,Hospital,Tanahu
37336,Damauli Hospital,Hospital,Tanahu
37337,Syamjha Health Post,Health Post,Tanahu
37338,Risti Health Post,Health Post,Tanahu
37339,Satiswara Health Post,Health Post,Tanahu
37340,Kattikechaur Health Post,Health Post,Tanahu
37341,National Apollo Hospital,Hospital,Tanahu
37342,Chhapthok Urban Health Center,Health Post,Tanahu
37343,Dumsichaur Urban Health Center,Health Post,Tanahu
37378,Lokpriya Medical Centre,Clinic,Tanahu
57140,Bhanu Aayurved Aausadhalaya,Basic Ayurveda Service Centre,Tanahu
57141,Rupakot Aayurved Aausadhalaya,Basic Ayurveda Service Centre,Tanahu
57142,Basantapur Hp Tanahu,Basic Health Service Centre,Tanahu
57143,Bhanu Hp_Tanahu,Basic Health Service Centre,Tanahu
57144,Chokchisapani Hp_Tanahu,Basic Health Service Centre,Tanahu
57145,Jyamruk Hp_Tanahu,Basic Health Service Centre,Tanahu
57146,Purkot Hp_Tanahu,Basic Health Service Centre,Tanahu
57147,Rupakot Hp Tanahu_Tanahu,Basic Health Service Centre,Tanahu
57148,Family Health Centre_ Purkot_Tanahu,,Tanahu
57149,Bhanu Community Health Center,Primary Hospital,Tanahu
57150,Gorkha Community Polyclinic_Tanahu,Poly Clinic,Tanahu
57151,Jamune Aayurved Ausadhalaya,Basic Health Service Centre,Tanahu
57152,Jamune Health Post,Basic Health Service Centre,Tanahu
57153,Tharpu Hospital_Tanahu,Basic Hospital (5 to 15 beds),Tanahu
57154,Seti Ganga Community Hospital_Tanahu,General Hospital,Tanahu
57155,Firfire Health Post,Basic Health Service Centre,Tanahu
57156,Khairenitar Health Post,Basic Health Service Centre,Tanahu
57157,Khairenitar Health Post Udendhunga,Basic Health Service Centre,Tanahu
57158,Raipur Health Post,Basic Health Service Centre,Tanahu
57159,Bhimad Aayurved Dispensary,Basic Health Service Centre,Tanahu
57160,Arunodaya Health Post,Basic Health Service Centre,Tanahu
57161,Bhanumati Hp_Tanahu,Basic Health Service Centre,Tanahu
57162,Kihun Hp_Tanahu,Basic Health Service Centre,Tanahu
57163,Majhakot Hp_Tanahu,Basic Health Service Centre,Tanahu
57164,Bhimad Phc_Tanahu,Basic Health Service Centre,Tanahu
57165,Bhimad Polyclinic_ Tanahu,Basic Health Service Centre,Tanahu
57166,Gajarkot Hp_Tanahu,Basic Health Service Centre,Tanahu
57167,Ghiring Sundhara Hp_Tanahu,Basic Health Service Centre,Tanahu
57168,Bhirkot Aayurved Dispensary,Basic Health Service Centre,Tanahu
57169,Bhirkot Hp Tanahu,Basic Health Service Centre,Tanahu
57170,Kahushivapur Hp_Tanahu,Health Post,Tanahu
57171,Kotdarbar Hp_Tanahu,Basic Health Service Centre,Tanahu
57172,Ramjakot Hp_Tanahu,Basic Health Service Centre,Tanahu
57173,Rising Ranipokhari Hp_Tanahu,Basic Health Service Centre,Tanahu
57174,Baidi Hp_Tanahu,Health Post,Tanahu
57175,Chhipchhipe Hp_Tanahu,Health Post,Tanahu
57176,Kota Hp_Tanahu,Health Post,Tanahu
57177,Sinchyang Hp_Tanahu,Health Post,Tanahu
57178,Bandipur Ayurveda Aushadhalaya,Ayurveda Health Center (General Ayurveda Hospital),Tanahu
57179,Bandipur Hospital,Basic Hospital (5 to 15 beds),Tanahu
57180,Dharampani Health Post,Basic Health Service Centre,Tanahu
57181,Laxmi Hospital,Health Clinic,Tanahu
57182,Nagrik Arogaya Sewakendra,Basic Ayurveda Service Centre,Tanahu
57183,Chhimkeshwori Hp_Tanahu,Health Post,Tanahu
57184,Deurali Hp Tanahu_Tanahu,Health Post,Tanahu
57185,"Chhimkeshwori (P) Hospital, Tanahu",General Hospital,Tanahu
58812,Khairenitar Bhsc,Basic Health Service Centre,Tanahu
62276,Bhsc Sina,Basic Health Service Centre,Tanahu
64493,"Ranagaun, Basic Health Center Tanahu",Basic Health Service Centre,Tanahu
64494,Puranadihi Municipal_Tanahu,Basic Hospital (5 to 15 beds),Tanahu
64495,Manapang Hp_Tanahu,Basic Health Service Centre,Tanahu
64496,"Community Health Unit, Bomatar, Tanahu",Basic Health Service Centre,Tanahu
64497,Devghat Hp_ Tanahu,Health Post,Tanahu
64498,Devghat Dharmartha Hospital_ Tanahu,Basic Hospital (5 to 15 beds),Tanahu
64499,Kukurdi Basic Health Service Center,Basic Health Service Centre,Tanahu
64500,Piple Basic Health Service Center,Basic Health Service Centre,Tanahu
64501,Meri Stops Centre,Basic Health Service Centre,Tanahu
64502,Om Biraj Dental Clinic,Clinic (Dental/Eye/Medical????.),Tanahu
64766,Bhansar Bhsc,Basic Health Service Centre,Tanahu
64767,Gunadi Bhsc,Basic Health Service Centre,Tanahu
64768,Satrasaya Bhsc,,Tanahu
64775,Nareshwor Bhsc,Basic Health Service Centre,Tanahu
64776,Tilbari Bhsc,,Tanahu
64783,Pasale Basic Health Service Center,Basic Health Service Centre,Tanahu
64784,Sukhaura Basic Health Service Center,Basic Health Service Centre,Tanahu
64797,Chhangpatan Bhsc,Basic Health Service Centre,Tanahu
64798,Rhishingpatan Bhsc,Basic Health Service Centre,Tanahu
64799,Kalchok Basic Health Service Center,Basic Health Service Centre,Tanahu
64808,Tuhurepasal Bhsc,Basic Health Service Centre,Tanahu
64809,Sarangghat Urban Health Center,Basic Health Service Centre,Tanahu
64822,Samidhara Bhsc,Basic Health Service Centre,Tanahu
64823,Pokharichhap Bhsc,Basic Health Service Centre,Tanahu
64838,Kawachit Chu,Basic Health Service Centre,Tanahu
64840,Paiyusara Bhsc,Basic Health Service Centre,Tanahu
65965,Aanbookhaireni_Hospital,General Hospital,Tanahu
65966,Kalimati Nagaristariya Hospital,Basic Hospital (5 to 15 beds),Tanahu
65967,Akala Community Health Unit,Community Health Unit,Tanahu
65968,Pipalbhanjyang Bhsc,Basic Health Service Centre,Tanahu
65977,Badahare Bhsc,Basic Health Service Centre,Tanahu
67365,Sahid Hira Smriti_Bhcc,Basic Health Service Centre,Tanahu
