osm_id,amenity,Final_Name,GAPA_NAPA_min,Long,Lat
5055255859,school,Shri Janasewa Lower Secondary School,Belkotgadhi,85.089701,27.853684
5046072853,school,Shri Sila Devi Ma. Vi,Belkotgadhi,85.042318,27.851460
5063441826,school,Shree Sundaradevi Pra Vi,Bidur,85.176973,27.976273
4969579345,school,Shree Chipleti Pra Vi,Uttargaya,85.208176,28.056387
4968022376,school,Shree Arunodaya Primary School,Gosaikunda,85.351770,28.228854
7940743986,school,Chandeshwori Higher Secondary School,Bidur,85.169397,27.964749
5055276919,school,Shri Ganeshman Singh Memorial Primary School,Tarkeshwar,85.027670,27.849136
4939790691,school,Shri Panchayat Pra V,Benighat Rorang,84.718397,27.797923
4969595164,school,Shree Simle Pra Vi,Uttargaya,85.190789,28.029756
4929738122,school,त्रिवेणी बराहा माध्यामिक विद्यालय मुग्लिन,Ichchhyakamana,84.561214,27.854359
9794119187,school,"Shree Rastriya Aardharbhut School, Fishling",Ichchhyakamana,84.661484,27.842489
9794119213,school,"Green Field Secondary English School, Muglin",Ichchhyakamana,84.561530,27.857688
9794127028,school,"Sarbhashanti Secondary School, Kurintar",Ichchhyakamana,84.623044,27.870902
4934948633,school,Shri Satyawati Uchha Ma V,Siddhalek,84.937777,27.810738
4969563549,school,Shree Danda Gaun Ucha Ma. V,Uttargaya,85.185189,28.037893
4969611375,school,Shree Sivalaya Ni Ma.V,Uttargaya,85.191312,27.983549
4878209122,school,Shri Janajagriti Primary School,Gandaki,84.640951,27.862242
4939775439,school,Shri Janajyoti Pra V,Benighat Rorang,84.700844,27.799989
4967982080,school,Shree komin Pra.V,Gosaikunda,85.332170,28.161670
5010981070,school,Shr Prithibi Ma Vi,Bidur,85.141572,27.913977
5019534984,school,Shree Tribhuwan Ma Vi,Kispang,85.178298,28.018160
4940188938,school,Shri Sarashwati Pra Vi,Gajuri,84.902255,27.798875
4941848995,school,Shri Jibanjyoti Bal Bikash Kendra,Gajuri,84.884255,27.800538
5634837379,school,Munal Academy,Gajuri,84.877144,27.805272
4941869402,school,Shri Aadarsha Bahumukhi Campus,Gajuri,84.877341,27.807084
4941743504,school,Shri Adarsha Uchha Ma V,Gajuri,84.879326,27.807585
4934940717,school,Shri Golma Rani Pra V,Siddhalek,84.837947,27.812443
4941787232,school,Shri Orbang Pra V,Benighat Rorang,84.798734,27.809773
4939797039,school,Shri Chandrodaya Ma Vi,Benighat Rorang,84.781624,27.812166
4968032717,school,Shree Nepal Rastriya Pra Vi,Parbati Kunda,85.344546,28.197042
4967821159,school,Shree Haku Besi Ni.Ma.V,Parbati Kunda,85.279417,28.114628
6100115486,,Greenline Transport,Ichchhyakamana,84.616645,27.874113
9794127022,school,Kurin Boarding School,Ichchhyakamana,84.625157,27.870644
4915942407,school,Shri Rainas Pra V,Sahid Lakhan,84.633095,27.871628
5055871471,school,Shree Mandredhunga Pra V,Bidur,85.129896,27.886485
4967980711,school,Shree Barahi Pra.V,Uttargaya,85.188375,27.988014
4706138525,school,Shree Neelkanta Higher Sec School,Uttargaya,85.184074,27.978568
4940185637,school,Shri Indrayani Ni Ma Vi,Gajuri,84.943901,27.805000
5010622731,school,Nari Chetana Bal Bikash Kendra,Bidur,85.142491,27.914213
4563086889,school,,Bidur,85.145188,27.917893
4367679495,school,Shree Panchakanya Star Boarding School,Bidur,85.140601,27.922251
4969629203,school,Shree Bhimsensthan Pra.V,Uttargaya,85.193143,27.985037
4941662039,school,Shri Buddhi Bikash Pra V,Benighat Rorang,84.748677,27.803501
4912228426,school,Shri Shilingtar Pra V,Sahid Lakhan,84.591149,27.881603
5055300883,school,Shri Chandi Ni.Ma.Vi.,Bidur,85.080635,27.857647
5047244078,school,Shree Sulakshyana Ma Vi,Bidur,85.158467,27.947585
5055601519,school,Mahadev Multiple Campus,Belkotgadhi,85.060324,27.852293
4969565986,school,Shree Dipendra Pra Vi,Uttargaya,85.189464,28.047396
5055224610,school,Shri Seti Devi Pra Bi,Bidur,85.087397,27.862504
4936634947,school,Shri Belinitar Pra Vi,Galchi,84.944261,27.814772
4912218252,school,Shri Karantar Namuna Pra V,Sahid Lakhan,84.553547,27.862025
5053261618,school,Shr Mahendra Ma Vi,Bidur,85.132942,27.905472
4894847801,school,Shri Praja Jyoti Pra V,Gandaki,84.700062,27.811653
,,Shree Bhadrakali Gurukul Saskriti Bidhyalaya,Gajuri,84.835907,27.807022
,,Shree Janajagriti Primary School,Gandaki,84.640951,27.862242
,,Shree Rainas Pra V,Sahid Lakhan,84.633095,27.871628
,,Shree Malika Devi Pra.V,Uttargaya,85.189315,28.009335
,,Shree Baludaya Pra Vi,Uttargaya,85.208105,28.073383
,,Shree kalika Pra Vi,Uttargaya,85.222002,28.087736
,,Sundarikyurini Uchha Ma Vi,Bidur,85.161040,27.936674
,,Shree Raktakali Primary School,Bidur,85.131510,27.873011
,,Shree Pimaltar Uchcha Ma.Vi.,Tarkeshwar,85.019300,27.839041
,,Shree Mahadev Uchha Ma V,Belkotgadhi,85.014091,27.810527
,,Shree United Ni.Ma.Vi.,Bidur,85.143806,27.899481
,,Shree Mahalaxmi Pra.Vi.,Bidur,85.136730,27.886311
,,Shree Chetana Primary School,Bidur,85.171365,27.961870
,,Shree Karki Manakamana Nima Vi,Kispang,85.174200,27.988257
,,Dhading Polytechnical Institute,Gajuri,84.873027,27.800077
,,Shree Raktabachhala Primary School,Galchi,84.967156,27.813071
,,Gosaikunda English Reading School,Gosaikunda,85.338742,28.164200
,,Shree Sankhadevi Secondary School,Benighat Rorang,84.705114,27.806086
,,Rising Star English Boarding School,Benighat Rorang,84.739369,27.801527
,,Jhagare Danda Basic School,Benighat Rorang,84.746855,27.796211
,,Beni Sikshya Sadan,Benighat Rorang,84.782457,27.810863
